유적명,유구,대옹출토여부,대옹 아기종,출토위치,유역,유구성격
인천 중산동 8-3지역 ,2호 주거지,○,,,한강하류,주거지
인천 중산동 8-3지역 ,4호 주거지,○,,,한강하류,주거지
인천 중산동 11지역,1호 분구묘,●,원통,주구 내부,한강하류,분묘
인천 중산동 11지역,2호 분구묘,●,,주구 내부,한강하류,분묘
인천 중산동 4구역 ,1호 주거지 ,●,원통,,한강하류,주거지
인천 운남동 A지구 ,2호 주거지 ,●,원통(3),,한강하류,주거지
인천 운남동 A지구 ,패총,●,원통,,한강하류,기타
인천 운남동 A지구 ,유물포함층,○,,,한강하류,기타
인천 운남동 B지구 ,1호 주거지 ,●,원통,,한강하류,주거지
인천 운남동 B지구 ,유물포함층,○,,,한강하류,기타
김포 학운리 1-2지점 ,1호 수혈유구,○,,,한강하류,수혈
인천 연희동 1-5지점,1호 주거지,○,,,한강하류,주거지
인천 연희동 1-5지점,1호 분구묘,○,,주구 내부,한강하류,분묘
인천 연희동 1-5지점,2호 분구묘,●,원통,"주구 내부, 목관 환두도",한강하류,분묘
인천 연희동 1-5지점,4호 구상유구,○,,,한강하류,구상유구
인천 연희동 3-1지점,1호 주거지,○,,,한강하류,주거지
인천 연희동 3-1지점,10호 분구묘,●,원통,"주구 내부, 목관 환두도",한강하류,분묘
인천 연희동 3-1지점,13호 분구묘,○,,"주구 내부, 이형토기 공반",한강하류,분묘
인천 연희동 3-1지점,16호 분구묘,○,,"주구 내부, 유개대부호 뚜껑? 공반",한강하류,분묘
인천 연희동 3-1지점,21호 분구묘,○,,주구 내부,한강하류,분묘
인천 연희동 3-1지점,23호 분구묘,○,,주구 내부,한강하류,분묘
인천 연희동 3-1지점,25호 분구묘,○,,주구 내부,한강하류,분묘
인천 연희동 3-1지점,31호 수혈유구,○,,,한강하류,수혈
인천 연희동 3-1지점,40호 수혈유구,○,,,한강하류,수혈
인천 연희동 3-1지점,20호 구상유구,○,,,한강하류,구상유구
인천 연희동 3-2지점,2호 주거지,○,,,한강하류,주거지
인천 연희동 3-2지점,3호 분구묘,○,,주구 내부,한강하류,분묘
인천 연희동 3-2지점,13호 분구묘,○,,주구 내부,한강하류,분묘
인천 연희동 3-2지점,14호 분구묘,○,,주구 내부,한강하류,분묘
인천 연희동 3-2지점,20호 분구묘,○,,주구 내부,한강하류,분묘
인천 연희동 3-2지점,21호 분구묘,○,,주구 내부,한강하류,분묘
인천 연희동 3-2지점,54호 수혈유구,○,,,한강하류,수혈
인천 연희동 3-2지점,115호 수혈유구,○,,,한강하류,수혈
인천 연희동 3-2지점,117호 수혈유구,○,,,한강하류,수혈
인천 연희동 3-2지점,15호 구상유구,○,,,한강하류,구상유구
인천 연희동 3-2지점,17호 구상유구,●,원통,,한강하류,구상유구
인천 연희동 3-2지점,23호 구상유구,○,,,한강하류,구상유구
인천 연희동 3-2지점,42호 구상유구,○,,,한강하류,구상유구
인천 연희동 3-2지점,80호 구상유구,○,,,한강하류,구상유구
인천 연희동 3-2지점,178호 주혈,○,,,한강하류,기타
인천 구월동 6지점 ,6호 주거지,○,,,한강하류,주거지
인천 구월동 6지점 ,3호 수혈,●,기타,플라스크형 수혈 2기,한강하류,수혈
인천 구월동 6지점 ,8호 수혈,○,,,한강하류,수혈
인천 구월동 6지점 ,16호 수혈,●,기타,회색 경질,한강하류,수혈
인천 구월동 1지점,1호 분구묘,○,,주구 내부,한강하류,분묘
인천 구월동 2지점,12호 분구묘,○,,주구 내부,한강하류,분묘
인천 남촌동 고래실골 ,1호 주거지 ,○,,,한강하류,주거지
인천 남촌동 고래실골 ,2호 주거지 ,○,,,한강하류,주거지
인천 남촌동 고래실골 ,5호 주거지,○,,,한강하류,주거지
인천 남촌동 고래실골 ,10호 주거지,○,,,한강하류,주거지
인천 남촌동 고래실골 ,28호 주거지 ,●,"난형(1), 기타(2)",,한강하류,주거지
인천 남촌동 고래실골 ,31호 주거지,○,,,한강하류,주거지
인천 남촌동 고래실골 ,39호 주거지,○,,,한강하류,주거지
인천 남촌동 고래실골 ,4호 수혈,○,,,한강하류,수혈
시흥 매화동 1지점,1호 주거지,○,,,한강하류,주거지
시흥 매화동 1지점,1호 구상유구,○,,,한강하류,구상유구
시흥 은행 계수동 B구역 ,1호 주거지 ,●,원통,,한강하류,주거지
시흥 은행 계수동 B구역 ,3호 주거지 ,●,기타(4),,한강하류,주거지
시흥 은행 계수동 B구역 ,8호 주거지 ,●,기타,,한강하류,주거지
시흥 은행 계수동 B구역 ,11호 주거지 ,●,기타,,한강하류,주거지
시흥 은행 계수동 B구역 ,27호 수혈,○,,"평행, 격자 굽 각 1점",한강하류,수혈
시흥 은행 계수동 B구역 ,1호 구상유구,○,,,한강하류,구상유구
시흥 은행 계수동 B구역 ,3호 주혈,○,,,한강하류,기타
시흥 은행 계수동 C구역 ,1호 주구묘,●,,주구 내부,한강하류,분묘
시흥 은행 계수동 C구역 ,2호 주구묘,●,기타,주구 내부,한강하류,분묘
시흥 은행 계수동 C구역 ,지표수습 ,●,원통,,한강하류,기타
김포 양곡Ⅱ 1지구,3호 분구묘,●,첨저,주구 내부,한강하류,분묘
김포 양곡Ⅱ 1지구,1호 수혈유구,●,기타,,한강하류,수혈
김포 양곡Ⅱ 1지구,3호 구상유구,○,,,한강하류,구상유구
김포 양곡Ⅱ 2지구,3호 주거지,○,,,한강하류,주거지
김포 양곡Ⅱ 2지구,2호 구상유구,○,,,한강하류,구상유구
김포 양곡Ⅱ 2지구,7호 구상유구,○,,,한강하류,구상유구
김포 양곡Ⅱ 2지구,13호 구상유구,○,,,한강하류,구상유구
김포 양곡Ⅱ 2지구,20호 구상유구,○,,,한강하류,구상유구
김포 양곡Ⅱ 2지구,35호 구상유구,○,,,한강하류,구상유구
김포 양곡Ⅱ 2지구,40호 구상유구,○,,,한강하류,구상유구
김포 양곡Ⅱ 2지구,44호 구상유구,○,,,한강하류,구상유구
김포 양곡Ⅱ 2지구,46호 구상유구,○,,,한강하류,구상유구
김포 양곡Ⅱ 2지구,50호 구상유구,○,,,한강하류,구상유구
김포 양곡Ⅱ 2지구,유물포함층,○,,원판형으로 재가공 多,한강하류,기타
김포 양촌 1지점 D구역,2호 분구묘,○,,주구 내부,한강하류,분묘
김포 양촌 1지점 D구역,3호 분구묘,○,,주구 내부,한강하류,분묘
김포 양촌 1지점 D구역,4호 분구묘,○,,"주구 내부, 평행 1점",한강하류,분묘
김포 양촌 1지점 G구역,2호 분구묘,●,원통,주구 내부,한강하류,분묘
김포 양촌 1지점 G구역,6호 분구묘,○,,주구 내부,한강하류,분묘
김포 양촌 1지점 H구역,1호 분구묘,●,기타,주구 내부,한강하류,분묘
김포 양촌 1지점 H구역,4호 분구묘,○,,"주구 내부, 평행 3점",한강하류,분묘
김포 양촌 1지점 H구역,5호 분구묘,○,,주구 내부,한강하류,분묘
김포 양촌 3지점 나구역,구상유구,○,,,한강하류,구상유구
김포 양촌 3지점 나구역,2호 분구묘,○,,주구 내부,한강하류,분묘
김포 양촌 3지점 나구역,4호 분구묘,○,,주구 내부,한강하류,분묘
김포 양촌 3지점 나구역,7호 분구묘,●,첨저,주구 내부,한강하류,분묘
김포 양촌 4지점 가구역,1호 주거지,○,,,한강하류,주거지
김포 양촌 4지점 가구역,2호 주거지,○,,,한강하류,주거지
김포 양촌 3지점 다구역,1호 구상유구,○,,,한강하류,구상유구
김포 구래동 나지구,1호 분구묘,●,첨저,주구 내부,한강하류,분묘
인천 불로동 4구역 ,4호 수혈유구,○,,,한강하류,수혈
인천 불로동 4구역 ,지표수습 ,○,,원판형으로 재가공,한강하류,기타
인천 검단 당하동Ⅱ 4-4지역,1호 분구묘,○,기타,주구 내부,한강하류,분묘
인천 검단 당하동Ⅱ 4-4지역,2호 분구묘,○,,주구 내부?,한강하류,분묘
인천 검단 당하동Ⅱ 4-4지역,4호 분구묘,○,,주구 내부?,한강하류,분묘
김포 신곡리 ,3호 주거지 ,●,기타(2),플라스크형 수혈 2기,한강하류,주거지
김포 운양동 1-11지점 ,4호 분구묘 ,●,기타 ,주구 내부,한강하류,분묘
김포 운양동 1-11지점 ,11호 분구묘 ,●,기타 ,주구 내부,한강하류,분묘
김포 운양동 2-9지점 ,2호 주거지,○,,,한강하류,주거지
파주 갈현리 ,3호 토광묘,●,,목관 보강토 내부,한강하류,분묘
파주 운정Ⅰ 2지구 5지점 ,1호 주거지,○,,,한강하류,주거지
파주 운정Ⅰ 2지구 5지점 ,2호 주거지,○,,,한강하류,주거지
파주 운정Ⅱ 2지구 11지점 ,3호 주거지,○,,,한강하류,주거지
파주 와동리 2지점 B구역,지표수습 ,●,원통,,한강하류,기타
파주 와동리 14지점 ,주거지  ,●,원통,,한강하류,주거지
파주 와동리 15지점 ,1호 주거지,○,,,한강하류,주거지
파주 와동리 15지점 ,7호 주거지,○,,,한강하류,주거지
파주 와동리 15지점 ,8호 주거지 ,●,"원통(1), 난형(1)",,한강하류,주거지
파주 와동리 15지점 ,58호 수혈유구,○,,,한강하류,수혈
파주 와동리 15지점 ,72호 수혈유구,○,,,한강하류,수혈
파주 와동리 15지점 ,73호 수혈유구,○,,,한강하류,수혈
파주 와동리 15지점 ,75호 수혈유구,○,,,한강하류,수혈
파주 와동리 15지점 ,82호 수혈유구,○,,,한강하류,수혈
파주 와동리 15지점 ,101호 수혈유구,○,,,한강하류,수혈
파주 와동리 15지점 ,117호 수혈유구,○,,,한강하류,수혈
파주 와동리 15지점 ,130호 수혈유구,○,,,한강하류,수혈
파주 와동리 15지점 ,136호 수혈유구,○,,,한강하류,수혈
파주 와동리 15지점 ,141호 수혈유구,○,,,한강하류,수혈
파주 와동리 15지점 ,151호 수혈유구,○,,,한강하류,수혈
파주 와동리 15지점 ,2호 구상유구,○,,,한강하류,구상유구
파주 와동리 15지점 ,4호 구상유구,○,,,한강하류,구상유구
파주 와동리 15지점 ,14호 구상유구,○,,,한강하류,구상유구
파주 와동리 15지점 ,17호 구상유구,○,,,한강하류,구상유구
파주 와동리 20지점 ,3호 주거지 ,○,,,한강하류,주거지
파주 와동리 20지점 ,5호 주거지 ,●,"난형(1), 기타(2)",,한강하류,주거지
파주 목동동 6지점 사구역,1호 주거지,○,,,한강하류,주거지
파주 능산리 2지점 ,백제 주거지,○,,수혈 20기,한강하류,주거지
파주 대능리 1구역,22호 주거지,●,원통(2),,한강하류,주거지
파주 대능리 1구역,25호 주거지,○,,,한강하류,주거지
파주 대능리 1구역,30호 주거지,●,원통(2),,한강하류,주거지
파주 대능리 1구역,36호 주거지,●,원통,,한강하류,주거지
파주 대능리 1구역,53호 주거지,●,원통(4),,한강하류,주거지
파주 대능리 1구역,60호 주거지,●,원통,,한강하류,주거지
파주 대능리 1구역,3호 구상유구,○,,,한강하류,구상유구
파주 대능리 2구역,15호 주거지,○,,,한강하류,주거지
파주 대능리 2구역,16호 주거지,○,,,한강하류,주거지
파주 대능리 2구역,17호 주거지,●,원통,,한강하류,주거지
파주 대능리 2구역,18호 주거지,●,원통,,한강하류,주거지
파주 대능리 2구역,20호 주거지,○,,,한강하류,주거지
파주 대능리 2구역,25호 주거지,○,,,한강하류,주거지
파주 대능리 2구역,27호 주거지,○,,,한강하류,주거지
파주 대능리 2구역,31호 주거지,○,,,한강하류,주거지
파주 대능리 2구역,34호 주거지,●,원통(2),,한강하류,주거지
파주 대능리 2구역,36호 주거지,●,원통(2),,한강하류,주거지
파주 대능리 2구역,37호 주거지,○,,,한강하류,주거지
파주 대능리 2구역,41호 주거지,○,,,한강하류,주거지
파주 대능리 2구역,48호 주거지,○,기타,구연단 원형 압인문,한강하류,주거지
파주 대능리 2구역,50호 주거지,○,,,한강하류,주거지
파주 대능리 2구역,51호 주거지,●,원통,,한강하류,주거지
파주 대능리 2구역,55호 주거지,○,,,한강하류,주거지
파주 대능리 2구역,56호 주거지,●,원통,경부 축약,한강하류,주거지
파주 대능리 2구역,59호 주거지,○,,,한강하류,주거지
파주 대능리 2구역,61호 주거지,●,,"기고 57, 동체 격자 견부 선문",한강하류,주거지
파주 대능리 2구역,62호 주거지,●,원통(3),,한강하류,주거지
파주 대능리 2구역,72호 주거지,○,,,한강하류,주거지
파주 대능리 2구역,73호 주거지,●,원통,,한강하류,주거지
파주 대능리 2구역,81호 주거지,○,,,한강하류,주거지
파주 대능리 2구역,83호 주거지,○,,,한강하류,주거지
파주 대능리 2구역,2호 수혈유구,○,,,한강하류,수혈
파주 대능리 2구역,10호 수혈유구,○,,,한강하류,수혈
파주 대능리 2구역,36호 수혈유구,○,,,한강하류,수혈
파주 대능리 2구역,63호 수혈유구,○,,,한강하류,수혈
파주 대능리 2구역,64호 수혈유구,○,,,한강하류,수혈
고양 멱절산토성 ,1호 주거지,○,기타,,한강하류,주거지
고양 멱절산토성 ,6호 주거지,○,,,한강하류,주거지
고양 멱절산토성 ,7호 주거지,○,,,한강하류,주거지
고양 멱절산토성 ,3호 적석유구,○,,,한강하류,기타
고양 멱절산토성,1호 수혈유구,○,,플라스크형 1기,한강하류,수혈
고양 멱절산토성,2호 수혈유구,○,,,한강하류,수혈
고양 멱절산토성,11호 수혈유구,○,,,한강하류,수혈
광명 소하동 ,KD-002 구상유구(주구),○,기타,백제 석곽묘,한강하류,분묘
포천 중리 용수재울 ,3호 주거지,○,,,임진·한탄강,주거지
포천 중리 마산 ,6호 주거지,●,기타,,임진·한탄강,주거지
포천 중리 마산 ,8호 주거지,●,기타,,임진·한탄강,주거지
포천 중리 마산,12호 주거지,●,원통,,임진·한탄강,주거지
포천 자작리Ⅰ,1호 주거지,○,,,임진·한탄강,주거지
포천 자작리ⅠⅡ,2호 주거지 ,●,"원통(1), 난형(3)",,임진·한탄강,주거지
포천 자작리Ⅰ,"3호 주거지(3,4,5중복)",○,,,임진·한탄강,주거지
포천 자작리Ⅰ,4호 주거지,○,,,임진·한탄강,주거지
포천 자작리Ⅰ,5호 주거지,○,,,임진·한탄강,주거지
포천 자작리Ⅰ,1호 소형유구,○,,,임진·한탄강,기타
포천 자작리Ⅰ,1호 구상유구,○,,평행타날,임진·한탄강,구상유구
포천 자작리Ⅰ,2호 구상유구,○,,,임진·한탄강,구상유구
포천 자작리Ⅰ,3호 구상유구,○,,평행타날,임진·한탄강,구상유구
포천 자작리Ⅲ ,8호 주거지,○,,,임진·한탄강,주거지
포천 자작리Ⅲ ,10호 주거지,○,,,임진·한탄강,주거지
포천 자작리Ⅲ ,13호 주거지,○,,,임진·한탄강,주거지
포천 자작리Ⅲ ,15호 주거지,○,,,임진·한탄강,주거지
포천 자작리Ⅲ ,16호 주거지,○,,,임진·한탄강,주거지
포천 자작리Ⅲ ,18호 주거지,○,,,임진·한탄강,주거지
포천 자작리Ⅲ ,23호 주거지,○,,,임진·한탄강,주거지
포천 자작리Ⅲ ,24호 주거지,○,,,임진·한탄강,주거지
포천 자작리Ⅲ ,7호 수혈유구,○,,플라스크형 多,임진·한탄강,수혈
포천 자작리Ⅲ ,11호 수혈유구,○,,,임진·한탄강,수혈
포천 자작리Ⅲ ,21호 수혈유구,○,,,임진·한탄강,수혈
포천 자작리Ⅲ ,23호 수혈유구,○,,,임진·한탄강,수혈
포천 자작리Ⅲ ,48호 수혈유구,○,,,임진·한탄강,수혈
포천 자작리Ⅲ ,53호 수혈유구,○,,,임진·한탄강,수혈
포천 자작리Ⅲ ,55호 수혈유구,●,원통 ,,임진·한탄강,수혈
포천 자작리Ⅲ ,66호 수혈유구,○,,원판형으로 재가공,임진·한탄강,수혈
포천 자작리Ⅲ ,67호 수혈유구,○,,,임진·한탄강,수혈
포천 자작리Ⅲ ,77호 수혈유구,○,,,임진·한탄강,수혈
포천 자작리Ⅲ ,81호 수혈유구,○,,,임진·한탄강,수혈
포천 자작리Ⅲ ,1호 구상유구,○,,,임진·한탄강,구상유구
포천 자작리Ⅲ ,4호 구상유구,○,,,임진·한탄강,구상유구
포천 자작리Ⅲ ,7호 구상유구,○,,원판형으로 재가공,임진·한탄강,구상유구
양주 옥정동 2구역,8호 주거지,○,,,임진·한탄강,주거지
양주 옥정동 2구역,9호 주거지,○,,,임진·한탄강,주거지
양주 옥정동 2구역,12호 주거지,○,,,임진·한탄강,주거지
양주 옥정동 2구역,18호 주거지,○,,,임진·한탄강,주거지
양주 옥정동 2구역,20호 주거지,○,,,임진·한탄강,주거지
양주 옥정동 2구역,21호 주거지,○,,,임진·한탄강,주거지
양주 옥정동 2구역,11호 수혈유구,●,원통,,임진·한탄강,수혈
양주 옥정동 2구역,30호 수혈유구,○,,,임진·한탄강,수혈
양주 옥정동 2구역,31호 수혈유구,○,,,임진·한탄강,수혈
양주 옥정동 2구역,38호 수혈유구,○,,,임진·한탄강,수혈
양주 광석리 ,3호 주거지,○,,,임진·한탄강,주거지
양주 광석리 ,6호 주거지,○,,,임진·한탄강,주거지
양주 광석리 ,7호 주거지,○,,,임진·한탄강,주거지
연천 초성리,1호 주거지 ,○,,원판형으로 재가공,임진·한탄강,주거지
연천 초성리,2호 주거지 ,●,원통,,임진·한탄강,주거지
연천 강내리 ,27호 주거지 ,●,"원통(2), 첨저(1) ",,임진·한탄강,주거지
연천 합수리 ,5호 주거지,○,,,임진·한탄강,주거지
파주 주월리 ,96-7호 주 ,●,"원통(2), 난형(4)",,임진·한탄강,주거지
파주 주월리 ,97-4호 주 ,●,기타 ,,임진·한탄강,주거지
파주 주월리 ,97-13호 주 ,●,기타 ,,임진·한탄강,주거지
파주 주월리 ,97-15호 주 ,●,기타 ,,임진·한탄강,주거지
파주 선유리 1지점,5호 주거지,○,,,임진·한탄강,주거지
파주 선유리 1지점,13호 주거지,○,,,임진·한탄강,주거지
파주 선유리 1지점,14호 주거지,○,,,임진·한탄강,주거지
파주 선유리 1지점,1호 구들유구,●,,동체 중하위,임진·한탄강,기타
파주 선유리 2지점,2호 주거지,○,,,임진·한탄강,주거지
파주 선유리 5지점,2호 주거지,○,,,임진·한탄강,주거지
파주 문산 당동리 1지점,8호 주거지,○,,,임진·한탄강,주거지
파주 문산 당동리 1지점,12호 수혈유구,○,,,임진·한탄강,수혈
양주 마전동 ,5호 주거지,●,"원통(1), 난형(1)",,경기북부,주거지
양주 마전동 ,7호 수혈유구,●,,,경기북부,수혈
의정부 신곡동 ,3호 주거지,○,,,경기북부,주거지
남양주 지금동 5지점,1호 주거지,●,,플라스크형 수혈 1기,경기북부,주거지
남양주 지금동 5지점,2호 주거지,●,,,경기북부,주거지
남양주 지금동 5지점,3호 수혈유구,○,,격자+평행선문,경기북부,수혈
남양주 별내 7-1지점,3호 수혈유구,○,,,경기북부,수혈
남양주 별내 7-1지점,7호 수혈유구,○,,,경기북부,수혈
남양주 별내 7-3지점,1호 주거지,○,,,경기북부,주거지
남양주 장현리 ,5호 주거지,●,원통,,경기북부,주거지
남양주 장현리 ,13호 주거지,●,,,경기북부,주거지
남양주 장현리 ,27호 주거지,●,원통,,경기북부,주거지
남양주 장현리 ,42호 주거지,●,원통,,경기북부,주거지
남양주 장현리 ,75호 주거지,●,원통,,경기북부,주거지
풍납토성Ⅰ 현대연합,가2호 환호,○,,,한강중류,기타
풍납토성Ⅰ 현대연합,가1호 주거지,○,,,한강중류,주거지
풍납토성Ⅰ 현대연합,가2호 주거지 ,●,난형 ,,한강중류,주거지
풍납토성Ⅰ 현대연합,가3호 주거지,○,,,한강중류,주거지
풍납토성Ⅰ 현대연합,가4호 주거지,○,,평행선문,한강중류,주거지
풍납토성Ⅰ 현대연합,가7호주거지,○,,,한강중류,주거지
풍납토성Ⅰ 현대연합,나1호 주거지 ,●,난형 ,,한강중류,주거지
풍납토성Ⅰ 현대연합,가3호 수혈유구,○,,,한강중류,수혈
풍납토성Ⅰ 현대연합,가16호 수혈유구,○,,,한강중류,수혈
풍납토성Ⅰ 현대연합,가23호 수혈유구,○,,,한강중류,수혈
풍납토성Ⅰ 현대연합,가24호 수혈유구,○,,,한강중류,수혈
풍납토성Ⅰ 현대연합,나2호 수혈유구,○,,,한강중류,수혈
풍납토성Ⅰ 현대연합,S0W2 내 토기 산포유구,○,,,한강중류,기타
풍납토성Ⅲ 삼화연립,Ⅲ층 1호 폐기장,○,,,한강중류,기타
풍납토성Ⅲ 삼화연립,Ⅱ층 2호 주거지,○,,,한강중류,주거지
풍납토성Ⅲ 삼화연립,Ⅲ층 2호 주거지,●,난형,,한강중류,주거지
풍납토성Ⅲ 삼화연립,Ⅲ층 1호 구,○,,,한강중류,구상유구
풍납토성Ⅲ 삼화연립,Ⅲ층 2호 구,○,,중국제 시유도기 공반,한강중류,구상유구
풍납토성Ⅳ 경당지구 상층,9호 유구,●,기타(3),격자 / 평행,한강중류,제사유구
풍납토성Ⅵ 경당지구 중층,101호 유구,●,기타(3),"흑색 대옹 1, 시유도기 모방 1 ",한강중류,제사유구
풍납토성Ⅶ 경당지구 상층,1호 수혈유구,●,,격자 / 평행,한강중류,수혈
풍납토성Ⅶ 경당지구 상층,3호 수혈유구,●,,,한강중류,수혈
풍납토성Ⅶ 경당지구 상층,2호 수혈유구,○,,,한강중류,수혈
풍납토성Ⅶ 경당지구 상층,5호 수혈유구,○,,,한강중류,수혈
풍납토성Ⅶ 경당지구 상층,7호 수혈유구,○,,,한강중류,수혈
풍납토성Ⅶ 경당지구 상층,10호 수혈유구,○,,,한강중류,수혈
풍납토성Ⅶ 경당지구 상층,15호 수혈유구,○,,,한강중류,수혈
풍납토성Ⅶ 경당지구 상층,19호 수혈유구,○,,,한강중류,수혈
풍납토성Ⅶ 경당지구 상층,20호 수혈유구,○,,,한강중류,수혈
풍납토성Ⅶ 경당지구 상층,47호 수혈유구,○,,,한강중류,수혈
풍납토성Ⅶ 경당지구 상층,50호 수혈유구,○,,,한강중류,수혈
풍납토성Ⅶ 경당지구 상층,4호 수혈유구,○,,횡성부가 평행선문,한강중류,수혈
풍납토성Ⅶ 경당지구 상층,16호 수혈유구,○,,평행선문,한강중류,수혈
풍납토성Ⅶ 경당지구 상층,34호 수혈유구,○,,,한강중류,수혈
풍납토성Ⅶ 경당지구 상층,31호 수혈유구,○,,파상문/ 횡선부가평행선문/격자,한강중류,수혈
풍납토성Ⅶ 경당지구 상층,32호 수혈유구,●,,횡선부가평행선문/ 격자문,한강중류,수혈
풍납토성Ⅶ 경당지구 상층,58호 수혈유구,●,기타(3),,한강중류,수혈
풍납토성Ⅶ 경당지구 상층,127호 수혈유구,○,,101호(3세기 중후반) 흑색 대옹 5세기 재사용,한강중류,수혈
풍납토성Ⅻ 경당지구,196호 유구 ,●,"원통(1), 난형(1) ",시유도기 공반,한강중류,건물지
풍납토성Ⅹ 경당지구 ,유물포함층,●,기타,격자 / 평행,한강중류,기타
풍납토성Ⅷ 소규모 (강동빌라),1호 유구,○,,,한강중류,기타
풍납토성Ⅺ 197번지 가지구,3호 주거지,○,,,한강중류,주거지
풍납토성Ⅺ 197번지 가지구,6호 주거지,○,,,한강중류,주거지
풍납토성Ⅺ 197번지 가지구,4호 주거지,○,,평행선문,한강중류,주거지
풍납토성Ⅺ 197번지 가지구,30호 수혈건물지,○,,횡선부가평행선문/ 격자문,한강중류,건물지
풍납토성Ⅺ 197번지 가지구,1호 부뚜막,○,,평행선문,한강중류,기타
풍납토성Ⅺ 197번지 가지구,4호 부뚜막,○,,격자 / 평행,한강중류,기타
풍납토성Ⅺ 197번지 가지구,1호 석축수로,○,,,한강중류,기타
풍납토성Ⅺ 197번지 가지구,3호 수혈유구,○,,,한강중류,수혈
풍납토성Ⅺ 197번지 가지구,45호 수혈유구,○,,,한강중류,수혈
풍납토성Ⅺ 197번지 가지구,54-2호 수혈유구,○,,,한강중류,수혈
풍납토성Ⅺ 197번지 가지구,60호 수혈유구,○,,,한강중류,수혈
풍납토성Ⅺ 197번지 가지구,62호 수혈유구,○,,,한강중류,수혈
풍납토성Ⅺ 197번지 가지구,69호 수혈유구,○,,,한강중류,수혈
풍납토성Ⅺ 197번지 가지구,70호 수혈유구,○,,,한강중류,수혈
풍납토성Ⅺ 197번지 가지구,73호 수혈유구,○,,,한강중류,수혈
풍납토성Ⅺ 197번지 가지구,79호 수혈유구,○,,,한강중류,수혈
풍납토성Ⅺ 197번지 가지구,14호 수혈유구,○,,평행선문,한강중류,수혈
풍납토성Ⅺ 197번지 가지구,32호 수혈유구,○,,,한강중류,수혈
풍납토성Ⅺ 197번지 가지구,48호 수혈유구,○,,,한강중류,수혈
풍납토성Ⅺ 197번지 가지구,19호 수혈유구,○,,,한강중류,수혈
풍납토성Ⅺ 197번지 가지구,47호 수혈유구,○,,,한강중류,수혈
풍납토성Ⅺ 197번지 가지구,31호 폐기유구,○,,,한강중류,기타
풍납토성ⅩⅢ 197번지 나지구,도로유구,○,,,한강중류,기타
풍납토성ⅩⅢ 197번지 나지구,1호 주거지,○,,격자 / 평행 / 횡선부가평행,한강중류,주거지
풍납토성ⅩⅢ 197번지 나지구,2호 주거지,○,,시유도기 공반,한강중류,주거지
풍납토성ⅩⅢ 197번지 나지구,3호 주거지,○,,,한강중류,주거지
풍납토성ⅩⅢ 197번지 나지구,5호 주거지,○,,,한강중류,주거지
풍납토성ⅩⅢ 197번지 나지구,6호 주거지,○,,,한강중류,주거지
풍납토성ⅩⅢ 197번지 나지구,7호 주거지,○,,,한강중류,주거지
풍납토성ⅩⅢ 197번지 나지구,9호 주거지,○,,,한강중류,주거지
풍납토성ⅩⅢ 197번지 나지구,13호 주거지,○,,,한강중류,주거지
풍납토성ⅩⅢ 197번지 나지구,15호 주거지,○,,,한강중류,주거지
풍납토성ⅩⅢ 197번지 나지구,18호 주거지,○,,,한강중류,주거지
풍납토성ⅩⅢ 197번지 나지구,23호 주거지,○,,,한강중류,주거지
풍납토성ⅩⅢ 197번지 나지구,8호 주거지,○,,평행선문,한강중류,주거지
풍납토성ⅩⅢ 197번지 나지구,10호 주거지,○,,"격자 / 횡성부가평행, 복골 공반",한강중류,주거지
풍납토성ⅩⅢ 197번지 나지구,17호 주거지,○,,격자 / 횡선부가평행,한강중류,주거지
풍납토성ⅩⅢ 197번지 나지구,20호 주거지,○,,,한강중류,주거지
풍납토성ⅩⅢ 197번지 나지구,1호 부뚜막,○,,횡선부가평행선문,한강중류,기타
풍납토성ⅩⅢ 197번지 나지구,3호 부뚜막,○,,,한강중류,기타
풍납토성ⅩⅢ 197번지 나지구,10호 부뚜막,○,,,한강중류,기타
풍납토성ⅩⅢ 197번지 나지구,2호 수혈유구,○,,,한강중류,수혈
풍납토성ⅩⅢ 197번지 나지구,14호 수혈유구,○,,,한강중류,수혈
풍납토성ⅩⅢ 197번지 나지구,18호 수혈유구,○,,,한강중류,수혈
풍납토성ⅩⅢ 197번지 나지구,19호 수혈유구,○,,,한강중류,수혈
풍납토성ⅩⅢ 197번지 나지구,20호 수혈유구,○,,,한강중류,수혈
풍납토성ⅩⅢ 197번지 나지구,31호 수혈유구,○,,,한강중류,수혈
풍납토성ⅩⅢ 197번지 나지구,36-1호 수혈유구,○,,,한강중류,수혈
풍납토성ⅩⅢ 197번지 나지구,39호 수혈유구,○,,,한강중류,수혈
풍납토성ⅩⅢ 197번지 나지구,40호 수혈유구,○,,,한강중류,수혈
풍납토성ⅩⅢ 197번지 나지구,43호 수혈유구,○,,,한강중류,수혈
풍납토성ⅩⅢ 197번지 나지구,57호 수혈유구,○,,,한강중류,수혈
풍납토성ⅩⅢ 197번지 나지구,58호 수혈유구,○,,,한강중류,수혈
풍납토성ⅩⅢ 197번지 나지구,78호 수혈유구,○,,,한강중류,수혈
풍납토성ⅩⅢ 197번지 나지구,86호 수혈유구,○,,,한강중류,수혈
풍납토성ⅩⅢ 197번지 나지구,99호 수혈유구,○,,,한강중류,수혈
풍납토성ⅩⅢ 197번지 나지구,100호 수혈유구,○,,,한강중류,수혈
풍납토성ⅩⅢ 197번지 나지구,21호 수혈유구,○,,"격자 / 평행, 시유도기 공반",한강중류,수혈
풍납토성ⅩⅢ 197번지 나지구,22호 수혈유구,○,,시유도기 공반,한강중류,수혈
풍납토성ⅩⅢ 197번지 나지구,24호 수혈유구,○,,,한강중류,수혈
풍납토성ⅩⅢ 197번지 나지구,41호 수혈유구,○,,,한강중류,수혈
풍납토성ⅩⅢ 197번지 나지구,28호 수혈유구,○,,"격자 / 평행, 전 공반",한강중류,수혈
풍납토성ⅩⅢ 197번지 나지구,42호 수혈유구,○,,평행선문,한강중류,수혈
풍납토성ⅩⅣ 197번지 가지구,1호 수혈유구,○,,"격자/평행, 기와 多시유도기 공반",한강중류,수혈
풍납토성ⅩⅣ 197번지 마지구,1호 건물지,○,,,한강중류,건물지
풍납토성ⅩⅣ 197번지 마지구,2호 건물지 동편 유구,○,,평행선문,한강중류,기타
풍납토성ⅩⅣ 197번지 마지구,1호 주거지,○,,,한강중류,주거지
풍납토성ⅩⅣ 197번지 마지구,2호 수혈유구,○,,,한강중류,수혈
풍납토성ⅩⅣ 197번지 마지구,12호 수혈유구,○,,,한강중류,수혈
풍납토성ⅩⅣ 197번지 마지구,5호 수혈유구,○,,"평행선문, 수막새 공반",한강중류,수혈
풍납토성ⅩⅣ 197번지 마지구,2호 구상유구,○,,,한강중류,구상유구
풍납토성ⅩⅣ 197번지 다지구,1호 주거지 부뚜막,○,,,한강중류,주거지
풍납토성ⅩⅣ 197번지 다지구,7호 주거지,○,,,한강중류,주거지
풍납토성ⅩⅣ 197번지 다지구,2호 수혈유구,○,,,한강중류,수혈
풍납토성ⅩⅣ 197번지 다지구,4호 수혈유구,○,,,한강중류,수혈
풍납토성ⅩⅣ 197번지 다지구,13호 수혈유구,○,,,한강중류,수혈
풍납토성ⅩⅣ 197번지 다지구,17호 수혈유구,○,,,한강중류,수혈
풍납토성ⅩⅣ 197번지 다지구,22호 수혈유구,○,,,한강중류,수혈
풍납토성ⅩⅣ 197번지 다지구,25호 수혈유구,○,,,한강중류,수혈
풍납토성ⅩⅣ 197번지 다지구,47호 수혈유구,○,,,한강중류,수혈
풍납토성ⅩⅣ 197번지 다지구,52호 수혈유구,○,,,한강중류,수혈
풍납토성ⅩⅣ 197번지 다지구,58호 수혈유구,○,,,한강중류,수혈
풍납토성ⅩⅣ 197번지 다지구,70호 수혈유구,○,,,한강중류,수혈
풍납토성ⅩⅣ 197번지 다지구,74호 수혈유구,○,,,한강중류,수혈
풍납토성ⅩⅣ 197번지 다지구,78호 수혈유구,○,,,한강중류,수혈
풍납토성ⅩⅣ 197번지 다지구,80호 수혈유구,○,,,한강중류,수혈
풍납토성ⅩⅣ 197번지 다지구,82호 수혈유구,○,,,한강중류,수혈
풍납토성ⅩⅣ 197번지 다지구,86호 수혈유구,○,,,한강중류,수혈
풍납토성ⅩⅣ 197번지 다지구,97호 수혈유구,○,,,한강중류,수혈
풍납토성ⅩⅣ 197번지 다지구,102호 수혈유구,○,,,한강중류,수혈
풍납토성ⅩⅣ 197번지 다지구,104호 수혈유구,○,,,한강중류,수혈
풍납토성ⅩⅣ 197번지 다지구,127호 수혈유구,○,,,한강중류,수혈
풍납토성ⅩⅣ 197번지 다지구,11호 수혈유구,○,,"격자 / 평행, 고구려토기 공반",한강중류,수혈
풍납토성ⅩⅣ 197번지 다지구,14호 수혈유구,○,,시유도기 공반,한강중류,수혈
풍납토성ⅩⅣ 197번지 다지구,27호 수혈유구,○,,평행선문+격자(저부) 타날,한강중류,수혈
풍납토성ⅩⅣ 197번지 다지구,38호 수혈유구,●,난형(6) ,"격자/평행/횡선부가,청자완공반",한강중류,수혈
풍납토성ⅩⅣ 197번지 다지구,84호 수혈유구,○,,시유도기 공반,한강중류,수혈
풍납토성ⅩⅣ 197번지 다지구,90호 수혈유구,○,,,한강중류,수혈
풍납토성ⅩⅣ 197번지 다지구,96호 수혈유구,○,,,한강중류,수혈
풍납토성ⅩⅣ 197번지 다지구,89호 수혈유구,○,,평행선문,한강중류,수혈
풍납토성ⅩⅣ 197번지 다지구,98호 수혈유구,○,,,한강중류,수혈
풍납토성ⅩⅣ 197번지 다지구,106호 수혈유구,○,,,한강중류,수혈
풍납토성ⅩⅣ 197번지 다지구,1-3호 구상유구,○,,평행선문,한강중류,구상유구
풍납토성ⅩⅣ 197번지 다지구,3호 구상유구,○,,시유도기 공반,한강중류,구상유구
풍납토성ⅩⅣ 197번지 다지구,4호 구상유구,○,,,한강중류,구상유구
풍납토성ⅩⅣ 197번지 다지구,7호 구상유구,○,,,한강중류,구상유구
풍납토성ⅩⅣ 197번지 다지구,8호 구상유구,○,,,한강중류,구상유구
풍납토성ⅩⅣ 197번지 다지구,10호 구상유구,○,,,한강중류,구상유구
풍납토성ⅩⅣ 197번지 다지구,17호 구상유구,○,,,한강중류,구상유구
풍납토성ⅩⅣ 197번지 다지구,13호 구상유구,○,,"격자 / 평행, 시유도기 공반",한강중류,구상유구
풍납토성ⅩⅣ 197번지 다지구,기타 대옹 유구,●,기타,"평행선문, 다38호 수혈 인근",한강중류,수혈
풍납토성ⅩⅣ 197번지 라지구,16호 주거지,○,,,한강중류,주거지
풍납토성ⅩⅣ 197번지 라지구,3호 수혈유구,○,,"격자/평행, 중국자기,시유도기공반",한강중류,수혈
풍납토성ⅩⅣ 197번지 라지구,7호 수혈유구,○,,,한강중류,수혈
풍납토성ⅩⅣ 197번지 라지구,11호 수혈유구,○,,,한강중류,수혈
풍납토성ⅩⅣ 197번지 라지구,12호 수혈유구,○,,,한강중류,수혈
풍납토성ⅩⅣ 197번지 라지구,100호 수혈유구,○,,,한강중류,수혈
풍납토성ⅩⅣ 197번지 라지구,110-1호 수혈유구,○,,,한강중류,수혈
풍납토성ⅩⅣ 197번지 라지구,116호 수혈유구,○,,,한강중류,수혈
풍납토성ⅩⅣ 197번지 라지구,120호 수혈유구,○,,,한강중류,수혈
풍납토성ⅩⅣ 197번지 라지구,16-1호 수혈유구,○,,시유도기 공반,한강중류,수혈
풍납토성ⅩⅣ 197번지 라지구,21호 구상유구,○,,,한강중류,구상유구
풍납토성ⅩⅣ 197번지 라지구,22호 구상유구,○,,,한강중류,구상유구
풍납토성ⅩⅤ 197번지 다지구,5호 주거지,○,,,한강중류,주거지
풍납토성ⅩⅤ 197번지 다지구,6호 주거지 교란부,○,,"격자 / 평행, 시유도기 공반",한강중류,기타
풍납토성ⅩⅤ 197번지 다지구,9호 주거지,○,,시유도기 공반,한강중류,주거지
풍납토성ⅩⅤ 197번지 다지구,26호 수혈유구,○,,,한강중류,수혈
풍납토성ⅩⅤ 197번지 다지구,28호 수혈유구,○,,,한강중류,수혈
풍납토성ⅩⅤ 197번지 다지구,66호 수혈유구,○,,,한강중류,수혈
풍납토성ⅩⅤ 197번지 다지구,71호 수혈유구,○,,,한강중류,수혈
풍납토성ⅩⅤ 197번지 다지구,124호 수혈유구,○,,,한강중류,수혈
풍납토성ⅩⅤ 197번지 다지구,57호 수혈유구,○,,격자 / 평행,한강중류,수혈
풍납토성ⅩⅤ 197번지 다지구,2호 구상유구,○,,,한강중류,구상유구
풍납토성ⅩⅤ 197번지 다지구,20호 구상유구,○,,,한강중류,구상유구
풍납토성ⅩⅤ 197번지 다지구,12호 구상유구,○,,"평행선문, 청자, 시유도기 공반",한강중류,구상유구
풍납토성ⅩⅤ 197번지 라지구,1호 주거지,○,,"시유도기, 청자 공반",한강중류,주거지
풍납토성ⅩⅤ 197번지 라지구,3호 주거지,○,,교란부(평행 1),한강중류,주거지
풍납토성ⅩⅤ 197번지 라지구,4호 주거지,○,,시유도기 공반,한강중류,주거지
풍납토성ⅩⅤ 197번지 라지구,6호 주거지,○,,,한강중류,주거지
풍납토성ⅩⅤ 197번지 라지구,11호 주거지,○,,,한강중류,주거지
풍납토성ⅩⅤ 197번지 라지구,17호 주거지,○,,,한강중류,주거지
풍납토성ⅩⅤ 197번지 라지구,21호 주거지,○,,,한강중류,주거지
풍납토성ⅩⅤ 197번지 라지구,8호 주거지,○,,격자 / 평행,한강중류,주거지
풍납토성ⅩⅤ 197번지 라지구,9호 주거지,○,,,한강중류,주거지
풍납토성ⅩⅤ 197번지 라지구,12호 주거지,○,,"평행선문, 신라계 토기 공반",한강중류,주거지
풍납토성ⅩⅤ 197번지 라지구,15호 주거지,○,,"평행선문, 청자 공반",한강중류,주거지
풍납토성ⅩⅤ 197번지 라지구,2호 수혈유구,○,,,한강중류,수혈
풍납토성ⅩⅤ 197번지 라지구,36호 수혈유구,○,,,한강중류,수혈
풍납토성ⅩⅤ 197번지 라지구,41호 수혈유구,○,,,한강중류,수혈
풍납토성ⅩⅤ 197번지 라지구,90호 수혈유구,○,,,한강중류,수혈
풍납토성ⅩⅤ 197번지 라지구,93호 수혈유구,○,,,한강중류,수혈
풍납토성ⅩⅤ 197번지 라지구,39호 수혈유구,○,,시유도기 공반,한강중류,수혈
풍납토성ⅩⅤ 197번지 라지구,42-1호 수혈유구,●,기타,,한강중류,수혈
풍납토성ⅩⅤ 197번지 라지구,79호 수혈유구,○,,격자 + 횡침선,한강중류,수혈
풍납토성ⅩⅤ 197번지 라지구,80호 수혈유구,○,,"평행, 시유도기 공반",한강중류,수혈
풍납토성ⅩⅤ 197번지 라지구,105호 수혈유구,○,,"격자 / 평행, 시유도기 공반",한강중류,수혈
풍납토성ⅩⅤ 197번지 라지구,112호 수혈유구,○,,격자 / 평행,한강중류,수혈
풍납토성ⅩⅤ 197번지 라지구,1호 구상유구,○,,,한강중류,구상유구
풍납토성ⅩⅤ 197번지 라지구,7호 구상유구,○,,,한강중류,구상유구
풍납토성ⅩⅤ 197번지 라지구,9호 구상유구,○,,,한강중류,구상유구
풍납토성ⅩⅤ 197번지 라지구,11호 구상유구,○,,,한강중류,구상유구
풍납토성ⅩⅤ 197번지 라지구,12호 구상유구,○,,,한강중류,구상유구
풍납토성ⅩⅤ 197번지 라지구,17호 구상유구,○,,,한강중류,구상유구
풍납토성ⅩⅤ 197번지 라지구,5호 구상유구,○,,외래계 토기 공반,한강중류,구상유구
풍납토성ⅩⅤ 197번지 라지구,1호 대옹 유구,●,난형,,한강중류,수혈
풍납토성ⅩⅤ 197번지 라지구,2호 대옹 유구,●,난형,평행선문,한강중류,수혈
풍납토성ⅩⅤ 197번지 마지구,1호 대옹 유구,●,원통,,한강중류,수혈
풍납토성ⅩⅤ 197번지 나지구,3호 부뚜막 유구,●,기타,,한강중류,기타
풍납토성Ⅹⅷ 동성벽 외곽지구,백제 구상유구,○,,,한강중류,구상유구
풍납토성Ⅹⅷ 동성벽 외곽지구,수혈유구,○,,,한강중류,수혈
서울 몽촌토성 ,88-2호 수혈 ,●,난형,,한강중류,수혈
,85 성벽 출토 옹관,●,대호,,한강중류,분묘
하남 미사리 3권,A21호 소형유구,○,,,한강중류,기타
구리 토평동 F구역 ,삼국시대 10호 주거지,○,,"평행선문, 평저, 추정저부 53cm",한강중류,주거지
구리 토평동 F구역 ,삼국시대 12호 주거지,○,,격자문 저부 굽,한강중류,주거지
구리 토평동 F구역 ,삼국시대 1호 구상유구,○,,격자문 저부 굽,한강중류,구상유구
서울 우면동 가지점,1호 주거지,○,,조족문 부가 평행선문,한강중류,주거지
서울 우면동 가지점,3호 주거지,○,,격자+평행선문,한강중류,주거지
서울 우면동 가지점,6호 주거지,●,도질 대호,,한강중류,주거지
서울 우면동 가지점,8호 주거지,○,,,한강중류,주거지
용인 마북동,9호 주거지,●,난형,평행선문,경기남부,주거지
용인 마북동,16호 주거지,○,,,경기남부,주거지
용인 마북동,28호 주거지,●,기타(4),"기형 특이, 파상선문",경기남부,주거지
용인 마북동,41호 주거지,○,,,경기남부,주거지
용인 마북동,49호 주거지,●,,,경기남부,주거지
용인 마북동,50호 주거지,●,기타,"기형 특이, 부가구연장경호 공반",경기남부,주거지
용인 마북동,59호 주거지,○,,,경기남부,주거지
용인 마북동,73호 수혈유구,●,기타,"기형 특이, 평행선문",경기남부,수혈
용인 마북동,93호 수혈유구,●,기타,평행선문,경기남부,수혈
용인 마북동,104호 수혈유구,○,,,경기남부,수혈
용인 마북동,155호 수혈유구,●,,,경기남부,수혈
용인 마북동,157호 수혈유구,○,,,경기남부,수혈
용인 마북동,289호 수혈유구,○,기타,,경기남부,수혈
용인 마북동,8호 구상유구,●,난형,,경기남부,구상유구
용인 마북동,우물,●,기타,기형 특이,경기남부,기타
용인 고림동 A구역,1호 주거지,○,,,경기남부,주거지
용인 고림동 A구역,2호 주거지,●,기타,격자 / 평행,경기남부,주거지
용인 고림동 A구역,3호 주거지,○,,,경기남부,주거지
용인 고림동 A구역,4호 주거지,○,,,경기남부,주거지
용인 고림동 A구역,5호 주거지,○,,,경기남부,주거지
용인 고림동 A구역,8호 주거지,○,,,경기남부,주거지
용인 고림동 A구역,10호 주거지,●,,,경기남부,주거지
용인 고림동 A구역,11호 주거지,○,,,경기남부,주거지
용인 고림동 A구역,13호 주거지,○,,,경기남부,주거지
용인 고림동 A구역,14호 주거지,○,,,경기남부,주거지
용인 고림동 A구역,8호 수혈유구,○,,격자+횡침선,경기남부,수혈
용인 고림동 A구역,9호 수혈유구,○,,,경기남부,수혈
용인 고림동 A구역,11호 수혈유구,○,,,경기남부,수혈
용인 고림동 A구역,16호 수혈유구,○,,,경기남부,수혈
용인 고림동 A구역,17호 수혈유구,○,,,경기남부,수혈
용인 고림동 A구역,23호 수혈유구,○,,,경기남부,수혈
용인 고림동 A구역,35호 수혈유구,○,,,경기남부,수혈
용인 고림동 A구역,39호 수혈유구,○,,,경기남부,수혈
용인 고림동 A구역,47호 수혈유구,○,,,경기남부,수혈
용인 고림동 A구역,49호 수혈유구,○,,,경기남부,수혈
용인 고림동 B구역,4호 주거지,●,,,경기남부,주거지
용인 고림동 B구역 ,6호 주거지,○,,,경기남부,주거지
용인 고림동 B구역 ,7호 주거지,○,,"아궁이테, 시유도기 공반",경기남부,주거지
용인 고림동 B구역 ,9호 주거지,●,"첨저(1), 기타(2) ","암수키와, 송풍관 공반",경기남부,주거지
용인 고림동 B구역 ,11호 주거지,○,,,경기남부,주거지
용인 고림동 B구역 ,12호 주거지,○,,,경기남부,주거지
용인 고림동 B구역 ,3호 수혈유구,○,,,경기남부,수혈
용인 고림동 B구역 ,14호 수혈유구,○,,,경기남부,수혈
용인 고림동 B구역 ,17호 수혈유구,○,,,경기남부,수혈
용인 고림동 B구역 ,19호 수혈유구,○,,,경기남부,수혈
용인 고림동 B구역 ,22호 수혈유구,○,,,경기남부,수혈
용인 고림동 B구역 ,25호 수혈유구,○,,,경기남부,수혈
용인 고림동 B구역 ,28호 수혈유구,○,,,경기남부,수혈
용인 고림동 B구역 ,29호 수혈유구,○,,,경기남부,수혈
용인 고림동 B구역 ,30호 수혈유구,○,,,경기남부,수혈
용인 고림동 B구역 ,31호 수혈유구,○,,,경기남부,수혈
용인 고림동 B구역 ,32호 수혈유구,○,,,경기남부,수혈
용인 고림동 B구역 ,45호 수혈유구,○,,,경기남부,수혈
용인 고림동 B구역 ,48호 수혈유구,○,,,경기남부,수혈
용인 고림동 B구역 ,49호 수혈유구,○,,,경기남부,수혈
용인 고림동 B구역 ,50호 수혈유구,○,,,경기남부,수혈
용인 고림동 B구역 ,51호 수혈유구,○,,,경기남부,수혈
용인 고림동 B구역 ,54호 수혈유구,○,,,경기남부,수혈
용인 고림동 B구역 ,57호 수혈유구,○,,,경기남부,수혈
용인 고림동 B구역 ,64호 수혈유구,○,,,경기남부,수혈
용인 고림동 B구역 ,65호 수혈유구,○,,,경기남부,수혈
용인 고림동 B구역 ,68호 수혈유구,○,,,경기남부,수혈
용인 고림동 B구역 ,71호 수혈유구,○,,,경기남부,수혈
용인 고림동 B구역 ,82호 수혈유구,○,,,경기남부,수혈
용인 고림동 B구역 ,84호 수혈유구,○,,,경기남부,수혈
용인 고림동 B구역 ,99호 수혈유구,○,,,경기남부,수혈
용인 고림동 B구역 ,102호 수혈유구,○,,,경기남부,수혈
용인 고림동 B구역 ,1호 구상유구,○,,,경기남부,구상유구
용인 고림동 C구역 ,1호 주거지,○,,,경기남부,주거지
용인 고림동 C구역 ,2호 주거지,○,,,경기남부,주거지
용인 고림동 C구역 ,3호 주거지,○,,,경기남부,주거지
용인 고림동 C구역 ,1호 수혈유구,○,,,경기남부,수혈
용인 고림동 C구역 ,2호 수혈유구,○,,,경기남부,수혈
용인 고림동 C구역 ,4호 수혈유구,○,,,경기남부,수혈
용인 고림동 C구역 ,9호 수혈유구,○,,,경기남부,수혈
용인 고림동 C구역 ,10호 수혈유구,○,,,경기남부,수혈
용인 서천동 1지역 3구역,5호 주거지,●,난형,,경기남부,주거지
용인 서천동 1지역 3구역,5호 수혈유구,○,,,경기남부,수혈
용인 서천동 1지역 3구역,8호 수혈유구,○,,횡선부가평행선문,경기남부,수혈
용인 서천동 2지역 1구역,7호 수혈유구,○,,단선파문 1줄,경기남부,수혈
용인 구갈리 ,2호 주거지,○,,,경기남부,주거지
용인 구갈리 ,26호 수혈유구,○,,,경기남부,수혈
용인 구갈리 ,31호 수혈유구,○,,,경기남부,수혈
용인 구갈리 ,44호 수혈유구,○,,,경기남부,수혈
용인 구갈리 ,46호 수혈유구,○,,,경기남부,수혈
용인 구갈리 ,48호 수혈유구,○,,,경기남부,수혈
용인 구갈리 ,40호 수혈유구,●,난형,,경기남부,수혈
용인 구갈리 ,49호 수혈유구,●,,,경기남부,수혈
용인 구갈리 ,53호 수혈유구,●,,"격자+평행, 내부 탄화곡물",경기남부,수혈
용인 구갈리 ,5호 구상유구,○,,,경기남부,구상유구
광주 장지동 ,11호 주거지,●,난형,,경기남부,주거지
광주 장지동 ,16호 주거지,●,난형,,경기남부,주거지
광주 장지동 ,20호 주거지,○,,,경기남부,주거지
광주 장지동 ,24호 주거지,○,,,경기남부,주거지
광주 곤지암리Ⅰ 2지점,23호 주거지,●,기타(2),,경기남부,주거지
광주 곤지암리Ⅰ 2지점,1호 주거지,○,,,경기남부,주거지
광주 곤지암리Ⅰ 2지점,5호 주거지,●,기타,,경기남부,주거지
광주 곤지암리Ⅰ 2지점,25호 주거지,●,,,경기남부,주거지
광주 곤지암리Ⅰ 2지점,26호 주거지,●,,,경기남부,주거지
광주 곤지암리Ⅰ 2지점,1호 옹관묘,○,,,경기남부,기타
광주 곤지암리Ⅱ,환호,○,,,경기남부,기타
광주 곤지암리 6-4지점 ,1호 주거지,●,기타,,경기남부,주거지
광주 곤지암리 6-4지점 ,4호 주거지,○,,,경기남부,주거지
광주 곤지암리 6-4지점 ,19호 주거지,●,기타(2),,경기남부,주거지
광주 곤지암리 6-4지점 ,20호 주거지 ,●,"난형(1), 첨저(1)",난형(평행선문),경기남부,주거지
광주 곤지암리 6-4지점 ,29호 주거지,●,,,경기남부,주거지
광주 곤지암리 6-4지점 ,31호 주거지 ,●,"난형(1), 기타(1)",난형(유뉴),경기남부,주거지
광주 곤지암리 6-4지점 ,지표채집,●,기타,,경기남부,기타
광주 곤지암리Ⅲ 3-1구역,12호 주거지,○,,,경기남부,주거지
광주 곤지암리Ⅲ 3-1구역,22호 주거지,○,,,경기남부,주거지
광주 곤지암리Ⅲ 3-1구역,28호 주거지,○,,,경기남부,주거지
광주 곤지암리Ⅲ 3-1구역,29호 주거지,○,,,경기남부,주거지
광주 곤지암리Ⅲ 3-1구역,53호 주거지,○,,,경기남부,주거지
광주 곤지암리Ⅲ 3-1구역,57호 주거지,○,,,경기남부,주거지
광주 곤지암리Ⅲ 3-1구역,62호 주거지,○,,,경기남부,주거지
광주 곤지암리Ⅲ 3-1구역,63호 주거지,○,,,경기남부,주거지
광주 곤지암리Ⅲ 3-1구역,65호 주거지,○,,,경기남부,주거지
광주 곤지암리Ⅲ 3-1구역,68호 주거지,○,,,경기남부,주거지
광주 곤지암리Ⅲ 3-1구역,71호 주거지,○,,,경기남부,주거지
광주 곤지암리Ⅲ 3-1구역,74호 주거지,○,,,경기남부,주거지
광주 곤지암리Ⅲ 3-1구역,78호 주거지,○,,,경기남부,주거지
광주 곤지암리Ⅲ 3-1구역,81호 주거지,○,,,경기남부,주거지
광주 곤지암리Ⅲ 3-1구역,82호 주거지,○,,,경기남부,주거지
광주 곤지암리Ⅲ 3-1구역,83호 주거지,○,,,경기남부,주거지
광주 곤지암리Ⅲ 3-1구역,91호 주거지,○,,,경기남부,주거지
광주 곤지암리Ⅲ 3-1구역,24호 주거지,●,첨저,,경기남부,주거지
광주 곤지암리Ⅲ 3-1구역,43호 주거지,●,원통,,경기남부,주거지
광주 곤지암리Ⅲ 3-1구역,47호 주거지,●,첨저,,경기남부,주거지
광주 곤지암리Ⅲ 3-1구역,54호 주거지,●,원통,,경기남부,주거지
광주 곤지암리Ⅲ 3-1구역,66호 주거지,●,기타(2),,경기남부,주거지
광주 곤지암리Ⅲ 3-1구역,84호 주거지,●,첨저,,경기남부,주거지
광주 곤지암리Ⅲ 3-1구역,6호 주혈군,○,,,경기남부,기타
이천 설봉산성 Ⅰ지구,4호 수혈 ,●,난형,,경기남부,수혈
오산 내삼미동 1지점,134호 수혈 ,●,난형,"평행선문, 저부 이상재 압흔",경기남부,수혈
오산 내삼미동 1지점,1호 우물,○,,,경기남부,기타
오산 내삼미동 2지점,4호 주거지,●,난형,평행선문,경기남부,주거지
오산 내삼미동 2지점,13호 주거지,●,,"평행선문, 철모, 철촉 U삽날 공반",경기남부,주거지
오산 내삼미동 2지점,20호 주거지,○,,"격자/평행, 철촉 등 공반",경기남부,주거지
오산 내삼미동 2지점,21호 주거지,●,난형,,경기남부,주거지
오산 내삼미동 2지점,25호 주거지,●,,,경기남부,주거지
오산 내삼미동 2지점,26호 주거지,○,,,경기남부,주거지
오산 내삼미동 2지점,70호 수혈유구,●,,평행선문,경기남부,수혈
오산 내삼미동 2지점,94호 수혈유구,●,난형,,경기남부,수혈
오산 수청동 5-2지점 ,21호 주구부목곽묘,●,첨저,봉토 내부 출토,경기남부,분묘
오산 탑동 두곡동 14지점 ,26호 수혈 유구,●,난형,,경기남부,수혈
오산 탑동 두곡동 14지점 ,41호 수혈유구,○,,평행선문+횡침선,경기남부,수혈
오산 가수동 Ⅰ지역,1호 주거지,○,,,경기남부,주거지
오산 가수동 Ⅱ지역,2-1호 주거지,○,,평행선문,경기남부,주거지
오산 가수동 Ⅱ지역,6호 주거지 ,○,,평행선문,경기남부,주거지
오산 가수동 Ⅴ지역,4호 주거지,○,,,경기남부,주거지
오산 가수동 Ⅰ지역,1호 수혈유구,○,,평행선문,경기남부,수혈
오산 가수동 Ⅰ지역,5호 수혈유구,○,,,경기남부,수혈
오산 가수동 Ⅰ지역,6호・7호 수혈유구,○,,,경기남부,수혈
오산 가수동 Ⅱ지역,18호 수혈유구,○,,,경기남부,수혈
오산 가수동 Ⅴ지역,1호 수혈유구,○,,,경기남부,수혈
오산 가수동 Ⅴ지역,11호 수혈유구,●,난형,"기고 76, 평행선문+물손질",경기남부,수혈
오산 가수동 Ⅴ지역,12호 수혈유구,○,,,경기남부,수혈
오산 가수동 Ⅴ지역,19호 수혈유구,○,,,경기남부,수혈
오산 가수동 Ⅴ지역,29호 수혈유구,○,,,경기남부,수혈
오산 가수동 Ⅴ지역,31호 수혈유구,○,,,경기남부,수혈
오산 가수동 Ⅴ지역,33호 수혈유구,○,,,경기남부,수혈
오산 가수동 Ⅴ지역,34호 수혈유구,○,,,경기남부,수혈
오산 가수동 Ⅴ지역,37호 수혈유구,○,,,경기남부,수혈
오산 가수동 Ⅵ지역,6호 수혈유구,○,,원판형으로 재가공,경기남부,수혈
오산 가수동 Ⅱ지역,1호 고상건물지,○,,평행선문,경기남부,건물지
오산 가수동 Ⅱ지역,구상건물지,○,,,경기남부,건물지
오산 가수동,중앙자연수로,○,,원판형으로 재가공,경기남부,기타
오산 가수동 Ⅰ지역,3호 자연수로,○,,,경기남부,기타
오산 가수동 Ⅵ지역,자연수로,○,,평행선문+물손질+돌대,경기남부,기타
오산 가수동 Ⅱ지역,저수시설,○,,"반호상의 집선문, 평행선+횡선",경기남부,기타
오산 가수동 Ⅱ지역,호안시설,○,,원판형으로 재가공,경기남부,기타
오산 가수동 Ⅱ지역,3호 우물,○,,,경기남부,기타
오산 가수동 Ⅱ지역,2호 구,○,,평행선문,경기남부,구상유구
오산 가수동 Ⅴ지역,구,○,,,경기남부,구상유구
화성 요리 고분군 Ⅰ지점,분구묘,○,,주구 출토,경기남부,분묘
화성 요리 고분군 Ⅱ지점,1호 주거지,○,,,경기남부,주거지
화성 요리 고분군 Ⅱ지점,3호 주거지,○,,,경기남부,주거지
화성 요리 고분군 Ⅱ지점,5호 수혈유구,○,,,경기남부,수혈
화성 요리 고분군 Ⅲ지점,1호 주거지,○,,원판형 재가공 포함,경기남부,주거지
화성 요리(산1-1번지),구상유구,○,,,경기남부,구상유구
화성 송산동 8지점 C구역,삼국시대 수전,○,,"격자문/ 평행+횡침선, 원판형",경기남부,기타
화성 송산동 8지점 C구역,삼국시대 수로,○,,대옹 多 격자/ 평행,경기남부,기타
화성 송산동 8지점 C구역,삼국시대 수로 호안시설,○,,격자/ 평행,경기남부,기타
화성 송산동 8지점 C구역,암괴산포지,○,,,경기남부,기타
화성 기안리 Ⅲ지점,1호 수혈유구,○,,,경기남부,수혈
화성 기안리 Ⅲ지점,3호 수혈유구,○,,,경기남부,수혈
화성 기안리 Ⅲ지점,5호 수혈유구,○,,,경기남부,수혈
화성 기안리 Ⅲ지점,6호 수혈유구,○,,,경기남부,수혈
화성 기안리 Ⅳ지점 ,20호 구상유구,●,기타 ,,경기남부,구상유구
화성 기안리 Ⅳ지점 ,9호 구상유구,○,,,경기남부,구상유구
화성 기안리 Ⅳ지점 ,31호 구상유구,○,,,경기남부,구상유구
화성 기안리 Ⅳ지점 ,38호 구상유구,○,,,경기남부,구상유구
화성 기안리 Ⅳ지점 ,60호 구상유구,○,,,경기남부,구상유구
화성 기안리 Ⅳ지점 ,4호 환구,○,,,경기남부,구상유구
화성 기안리 Ⅳ지점 ,6호 환구,○,,,경기남부,구상유구
화성 기안리 Ⅳ지점 ,11호 수혈유구,○,,,경기남부,수혈
화성 기안리 Ⅳ지점 ,12호 수혈유구,○,,,경기남부,수혈
화성 기안리 Ⅳ지점 ,13호 수혈유구,○,,,경기남부,수혈
화성 기안리 Ⅳ지점 ,15호 수혈유구,○,,,경기남부,수혈
화성 기안리 Ⅳ지점 ,35호 수혈유구,○,,,경기남부,수혈
화성 기안리 Ⅳ지점 ,39호 수혈유구,○,,,경기남부,수혈
화성 기안리 Ⅳ지점 ,59호 수혈유구,○,,,경기남부,수혈
화성 기안리 Ⅳ지점 ,93호 수혈유구,○,,,경기남부,수혈
화성 기안리 Ⅳ지점 ,52호 수혈유구,○,,,경기남부,수혈
화성 기안리 Ⅳ지점 ,134호 수혈유구,○,,원판형으로 재가공,경기남부,수혈
화성 기안리 Ⅴ지점,3호 환구,○,,,경기남부,구상유구
화성 화산고분군 ,1호 석곽묘 외곽 지표,○,횡성읍하리 유사,"상~중하위 평행, 하위~저부 격자",경기남부,기타
화성 화산고분군,2호 석곽묘 외곽 지표,○,,,경기남부,기타
화성 청계리 가지구,1호 주거지,○,,,경기남부,주거지
화성 청계리 가지구,5호 주거지,○,,격자 / 평행,경기남부,주거지
화성 청계리 가지구,6호 주거지,○,,,경기남부,주거지
화성 청계리 가지구,2호 수혈유구,○,,격자 / 평행,경기남부,수혈
화성 청계리 가지구,5호 수혈유구,○,,,경기남부,수혈
화성 청계리 가지구,11호 수혈유구,○,,,경기남부,수혈
화성 청계리 가지구,12호 수혈유구,○,,,경기남부,수혈
화성 청계리 가지구,6호 수혈유구,○,,"격자 / 평행, 돌기부착",경기남부,수혈
화성 청계리 가지구,8호 수혈유구,○,,평행선문,경기남부,수혈
화성 청계리 가지구,9호 수혈유구,○,,,경기남부,수혈
화성 청계리 나지구 C지점,1호 주거지,○,,,경기남부,주거지
화성 청계리 마지구 A지점,4호 주거지,○,,격자 / 평행,경기남부,주거지
화성 청계리 마지구 A지점,18호 주거지,○,,,경기남부,주거지
화성 청계리 마지구 A지점,9호 주거지,○,,,경기남부,주거지
화성 청계리 마지구 A지점,26호 주거지,○,,,경기남부,주거지
화성 청계리 마지구 A지점,29호 주거지,○,,,경기남부,주거지
화성 청계리 마지구 A지점,31호 주거지 ,○,,,경기남부,주거지
화성 청계리 마지구 A지점,36호 주거지,○,,,경기남부,주거지
화성 청계리 마지구 A지점,37호 주거지,○,,,경기남부,주거지
화성 청계리 마지구 A지점,42호 주거지,○,,,경기남부,주거지
화성 청계리 마지구 A지점,44호 주거지,○,,,경기남부,주거지
화성 청계리 마지구 A지점,46호 주거지,○,,,경기남부,주거지
화성 청계리 마지구 A지점,57호 주거지,○,,,경기남부,주거지
화성 청계리 마지구 A지점,77호 주거지,○,,,경기남부,주거지
화성 청계리 마지구 A지점,88호 주거지,○,,,경기남부,주거지
화성 청계리 마지구 A지점,90호 주거지,○,,,경기남부,주거지
화성 청계리 마지구 A지점,92호 주거지,○,,,경기남부,주거지
화성 청계리 마지구 A지점,98호 주거지,○,,,경기남부,주거지
화성 청계리 마지구 A지점,102호 주거지,○,,,경기남부,주거지
화성 청계리 마지구 A지점,15호 주거지,○,짧은 구연,,경기남부,주거지
화성 청계리 마지구 A지점,27호 주거지,○,,,경기남부,주거지
화성 청계리 마지구 A지점,86호 주거지,○,,,경기남부,주거지
화성 청계리 마지구 A지점,94호 주거지,○,,,경기남부,주거지
화성 청계리 마지구 A지점,44호 수혈유구,○,,,경기남부,수혈
화성 청계리 마지구 A지점,50호 수혈유구,○,,,경기남부,수혈
화성 청계리 마지구 A지점,5호 구상유구,○,,,경기남부,구상유구
화성 길성리 토성 1지점,트렌치 1,○,,,경기남부,기타
화성 길성리 토성 1지점,트렌치 2,○,,,경기남부,기타
화성 길성리 토성 1지점,트렌치 3,○,,평행선문,경기남부,기타
화성 석우리 먹실,2호 주거지,○,,,경기남부,주거지
화성 석우리 먹실,13호 주거지,○,,,경기남부,주거지
화성 석우리 먹실,19호 주거지,○,,,경기남부,주거지
화성 석우리 먹실,4호 주거지,●,,,경기남부,주거지
화성 석우리 먹실,6호 주거지,●,,,경기남부,주거지
화성 석우리 먹실,7호 주거지,●,,격자 / 평행,경기남부,주거지
화성 석우리 먹실,9호 주거지,○,,격자 / 평행,경기남부,주거지
화성 석우리 먹실,2호 수혈유구,○,,,경기남부,수혈
화성 석우리 먹실,32호 수혈유구,○,,,경기남부,수혈
화성 석우리 먹실,39호 수혈유구,○,,,경기남부,수혈
화성 석우리 먹실,58호 수혈유구,○,,,경기남부,수혈
화성 석우리 먹실,63호 수혈유구,○,,,경기남부,수혈
화성 석우리 먹실,66호 수혈유구,○,,,경기남부,수혈
화성 석우리 먹실,69호 수혈유구,○,,,경기남부,수혈
화성 석우리 먹실,75호 수혈유구,○,,,경기남부,수혈
화성 석우리 먹실,78호 수혈유구,○,,,경기남부,수혈
화성 석우리 먹실,97호 수혈유구,○,,,경기남부,수혈
화성 석우리 먹실,107호 수혈유구,○,,,경기남부,수혈
화성 석우리 먹실,112호 수혈유구,○,,,경기남부,수혈
화성 석우리 먹실,114호 수혈유구,○,,,경기남부,수혈
화성 석우리 먹실,128호 수혈유구,○,,,경기남부,수혈
화성 석우리 먹실,131호 수혈유구,○,,,경기남부,수혈
화성 석우리 먹실 ,20호 수혈유구,●,난형(2),,경기남부,수혈
화성 석우리 먹실,38호 수혈유구,○,,격자 / 조족문 부가 평행선문,경기남부,수혈
화성 석우리 먹실,8호 구상유구,○,,,경기남부,구상유구
화성 석우리 먹실,27호 구상유구,○,,,경기남부,구상유구
화성 석우리 먹실,37호 구상유구,○,,,경기남부,구상유구
화성 석우리 먹실,39호 구상유구,○,,,경기남부,구상유구
화성 석우리 먹실,40호 구상유구,○,,,경기남부,구상유구
화성 석우리 먹실,42호 구상유구,○,,,경기남부,구상유구
화성 석우리 먹실,53호 구상유구,○,,,경기남부,구상유구
화성 석우리 먹실,54호 구상유구,○,,,경기남부,구상유구
화성 왕림리 노리재골 Ⅱ,2호 주거지,○,,,경기남부,주거지
화성 왕림리 노리재골 Ⅱ,3호 수혈유구,○,,격자/횡선부가평행,경기남부,수혈
화성 왕림리 노리재골 Ⅱ,4호 수혈유구,○,,,경기남부,수혈
화성 마하리 ,25호 석곽묘,○,,,경기남부,분묘
화성 발안리 ,2호 주거지,○,,,경기남부,주거지
화성 발안리 ,6호 주거지,○,,,경기남부,주거지
화성 발안리 ,10호 주거지,○,,,경기남부,주거지
화성 발안리 ,11호 주거지,○,,,경기남부,주거지
화성 발안리 ,12호 주거지,○,,,경기남부,주거지
화성 발안리 ,16호 주거지,○,,,경기남부,주거지
화성 발안리 ,19호 주거지,○,,,경기남부,주거지
화성 발안리 ,24호 주거지,○,,,경기남부,주거지
화성 발안리 ,26호 주거지,○,,,경기남부,주거지
화성 발안리 ,28호 주거지,○,,,경기남부,주거지
화성 발안리 ,31호 주거지 ,○,,,경기남부,주거지
화성 발안리 ,32호 주거지,○,,,경기남부,주거지
화성 발안리 ,40호 주거지,○,,,경기남부,주거지
화성 발안리 ,49호 주거지,○,,,경기남부,주거지
화성 발안리 ,58호 주거지,○,,,경기남부,주거지
화성 발안리 ,18호 주거지 ,●,첨저 ,,경기남부,주거지
화성 발안리 ,21호 주거지 ,●,기타(2) ,,경기남부,주거지
화성 발안리 ,5호 수혈유구,○,,,경기남부,수혈
화성 발안리 ,11호 수혈유구,○,,,경기남부,수혈
화성 발안리 ,48호 수혈유구,●,기타,,경기남부,수혈
화성 발안리 ,66호 수혈유구,○,,횡선부가평행선문,경기남부,수혈
화성 발안리 ,84호 수혈우구,○,,승문,경기남부,수혈
평택 가곡리 3구역,37호 수혈유구,○,,,경기남부,수혈
평택 가곡리 3구역,6호 구,○,,,경기남부,구상유구
평택 가곡리 5구역,2호 수혈유구,○,,,경기남부,수혈
평택 백봉리 B구역,1호 주거지,○,,,경기남부,주거지
평택 좌교리 해창리 ,1호 주거지,●,난형,,경기남부,주거지
평택 좌교리,3호 구,●,기타,평행선문,경기남부,구상유구
평택 좌교리,7호 구,○,,,경기남부,구상유구
평택 좌교리,23호 수혈유구,●,,,경기남부,수혈
평택 해창리Ⅰ,1호 구,●,,,경기남부,구상유구
평택 해창리Ⅰ,2호 구,○,,,경기남부,구상유구
평택 해창리Ⅱ,15호 수혈유구,○,,,경기남부,수혈
평택 해창리Ⅳ,4호 주구토광묘,○,,주구 출토,경기남부,분묘
평택 해창리Ⅳ,4호 옹관(합구식),●,옹관,,경기남부,분묘
평택 세교동 모산골Ⅰ 1지점 ,8호 주거지,○,,,경기남부,주거지
평택 세교동 모산골Ⅰ 2지점 ,12호 수혈유구,○,,,경기남부,수혈
평택 세교동 모산골Ⅱ 5지점,2호 주거지,○,,"147, 연통,흑색마연 잔 공반",경기남부,주거지
평택 세교동 모산골Ⅱ 5지점,3호 주거지,○,,,경기남부,주거지
평택 세교동 모산골Ⅱ 5지점,4호 주거지,○,,,경기남부,주거지
평택 세교동 모산골Ⅱ 5지점,2호 대벽건물지,○,,,경기남부,건물지
평택 세교동 모산골Ⅱ 5지점,1호 굴립주 건물지,○,,,경기남부,건물지
평택 세교동 모산골Ⅱ 5지점,1호 구상유구,○,,,경기남부,구상유구
평택 세교동 모산골Ⅱ 5지점,6호 구상유구,○,,,경기남부,구상유구
평택 세교동 모산골Ⅱ 5지점,10호 구상유구,○,,,경기남부,구상유구
평택 세교동 모산골Ⅱ 5지점,11호 구상유구,○,,,경기남부,구상유구
평택 세교동 모산골Ⅱ 5지점,14호 수혈유구,○,,,경기남부,수혈
평택 세교동 모산골Ⅱ 5지점,53호 수혈유구,○,,,경기남부,수혈
평택 세교동 모산골Ⅲ 6지점,1호 주거지,○,,,경기남부,주거지
평택 세교동 모산골Ⅲ 6지점,2호 주거지,●,,,경기남부,주거지
평택 세교동 모산골Ⅲ 6지점,건물지,●,,,경기남부,건물지
평택 세교동 모산골Ⅲ 6지점,41호 수혈유구,○,,,경기남부,수혈
평택 세교동 모산골Ⅲ 6지점,48호 수혈유구,○,,평행선문,경기남부,수혈
평택 세교동 모산골Ⅲ 6지점,47호 수혈유구,○,,,경기남부,수혈
평택 세교동 모산골Ⅲ 7지점,1호 주거지,○,,,경기남부,주거지
평택 세교동 모산골Ⅲ 7지점,3호 주거지,○,,,경기남부,주거지
평택 세교동 모산골Ⅲ 7지점,6호 주거지 ,●,기타,유뉴,경기남부,주거지
평택 세교동 모산골Ⅲ 7지점,1호 구상유구,○,,,경기남부,구상유구
평택 세교동 모산골Ⅲ 7지점,7호 구상유구,○,,,경기남부,구상유구
평택 세교동 모산골Ⅲ 7지점,10호 구상유구,●,기고 50cm,,경기남부,구상유구
평택 세교동 모산골Ⅲ 7지점,37호 수혈유구,○,,,경기남부,수혈
평택 용이 ・ 죽백동 2-5지점,4호 소성유구,○,,소성유구 6기,경기남부,소성유구
평택 용이 ・ 죽백동 2-5지점,6호 소성유구,○,,,경기남부,소성유구
안성 도기동 436-1번지 1지점,2호 수혈유구,○,,,경기남부,수혈
안성 도기동 436-1번지 1지점,3호 수혈유구,○,,,경기남부,수혈
안성 도기동 436-1번지 1지점,5호 수혈유구,○,,,경기남부,수혈
안성 도기동 436-1번지 1지점,6호 수혈유구,○,,횡선부가 평행선문,경기남부,수혈
안성 도기동 436-1번지 1지점,백제 목책열,○,,평행선문,경기남부,기타
안성 도기동 436-1번지 2지점,백제 주거지,○,,,경기남부,주거지
안성 도기동 465번지,1호 주거지,○,,"토루, 플라스크형 수혈 多",경기남부,주거지
안성 도기동 465번지,1호 수혈유구,○,,,경기남부,수혈
안성 도기동 465번지,2호 수혈유구,○,,,경기남부,수혈
안성 도기동 465번지,29호 수혈유구,○,,,경기남부,수혈
안성 도기동 465번지,33호 수혈유구,○,,,경기남부,수혈
안성 도기동 산성,동벽 기저부 구상시설,○,,,경기남부,구상유구
안성 도기동 산성,북벽 Ⅱ층,○,,,경기남부,기타
안성 도기동 산성,북벽 지표수습,○,,평행선문 1점,경기남부,기타
안성 도기동 산성,1호 주거지,○,,,경기남부,주거지
안성 도기동 산성,2호 주거지,○,,,경기남부,주거지
안성 도기동 산성,3호 주거지,○,,,경기남부,주거지
안성 도기동 산성,3호 수혈유구,○,,,경기남부,수혈
안성 도기동 고분군,백제 1호옹관(합구),●,옹관(2),평저,경기남부,분묘
안성 도기동 고분군,백제 2호옹관(합구),●,옹관(2),,경기남부,분묘
안성 도기동 고분군,백제 3호옹관,○,편,평행선문,경기남부,분묘
안성 도기동 고분군,백제 4호옹관(단옹),●,옹관,,경기남부,분묘
안성 도기동 고분군,백제 5호옹관(합구),●,옹관(2),,경기남부,분묘
안성 도기동 고분군,백제 6호옹관(합구),●,옹관(2),,경기남부,분묘
안성 매산리 ,3호 주거지,○,,,경기남부,주거지
안성 매산리 ,4호 주거지,○,,,경기남부,주거지
안성 매산리 ,5호 주거지,○,,평행선문,경기남부,주거지
안성 매산리 ,4호 수혈유구,○,,"격자+평행, 횡선부가 평행선문",경기남부,수혈
가평 항사리 나지점,11호 주거지,○,,,북한강·남한강,주거지
가평 항사리 나지점,15호 주거지,●,,,북한강·남한강,주거지
가평 항사리 나지점,17호 주거지,●,원통 ,,북한강·남한강,주거지
가평 항사리 나지점,25호 주거지,○,,,북한강·남한강,주거지
가평 항사리 나지점,15호 수혈유구,○,,,북한강·남한강,수혈
가평 항사리 나지점,32호 수혈유구,○,,,북한강·남한강,수혈
화천 원천리 ,21호 주거지,○,,,북한강·남한강,주거지
화천 원천리 ,28호 주거지,○,,,북한강·남한강,주거지
화천 원천리 ,33호 주거지,●,기타 ,,북한강·남한강,주거지
화천 원천리 ,35호 주거지,○,,,북한강·남한강,주거지
화천 원천리 ,46호 주거지,○,,,북한강·남한강,주거지
화천 원천리 ,49호 주거지,○,,,북한강·남한강,주거지
화천 원천리 ,40호 주거지,●,,,북한강·남한강,주거지
화천 원천리 ,65호 주거지,●,"원통, 소성불량(2)",격자 / 승문,북한강·남한강,주거지
화천 원천리 ,88호 주거지,○,,,북한강·남한강,주거지
화천 원천리 ,108호 주거지,○,,,북한강·남한강,주거지
화천 원천리 ,109호 주거지,●,소성불량(2),,북한강·남한강,주거지
화천 원천리 ,113호 주거지,●,난형,,북한강·남한강,주거지
화천 원천리 ,21호 수혈유구,○,,,북한강·남한강,수혈
화천 원천리 ,35호 수혈유구,○,,,북한강·남한강,수혈
화천 원천리 ,46호 수혈우구,○,,,북한강·남한강,수혈
화천 원천리 ,60호 수혈유구,○,,,북한강·남한강,수혈
화천 원천리 ,44호 수혈유구,○,,,북한강·남한강,수혈
화천 원천리,67호 수혈유구,●,기타,,북한강·남한강,수혈
홍천 성산리,39호 주거지,○,,,북한강·남한강,주거지
홍천 성산리 ,41호 주거지,●,첨저,,북한강·남한강,주거지
홍천 하화계리 ,폐기장 ,●,첨저,,북한강·남한강,기타
양평 운심리 86-5,2호 주거지 ,●,원통,,북한강·남한강,주거지
양평 상자포리 414-2번지,1호 주거지,○,,,북한강·남한강,주거지
244-1번지 ,5호 주거지,○,,,북한강·남한강,주거지
244-18번지 외 1필지,1호 주거지 ,●,"첨저(1), 기타(1)",,북한강·남한강,주거지
244-18번지 외 1필지,3호 주거지,●,난형(2),,북한강·남한강,주거지
244-18번지 외 1필지,수습유물 ,●,첨저,,북한강·남한강,기타
양평 하자포리 245번지 ,1호 주거지,●,첨저,,북한강·남한강,주거지
248-1번지 ,지표수습,○,,,북한강·남한강,기타
347-2번지 외 1필지,1호 주거지,●,난형 ,"직구호, U자형 삽날",북한강·남한강,주거지
347-2번지 외 1필지,3호 주거지,○,,"격자, 평행선문",북한강·남한강,주거지
양평 양근리 ,2호 주거지 ,○,,,북한강·남한강,주거지
양평 양근리 ,3호 주거지 ,●,기타(2),,북한강·남한강,주거지
양평 양근리 ,1호 수혈유구,○,,,북한강·남한강,수혈
양평 양근리 ,5호 수혈유구,○,,,북한강·남한강,수혈
양평 양근리 ,11호 수혈유구,○,,,북한강·남한강,수혈
양평 양근리 ,16호 수혈유구,○,,,북한강·남한강,수혈
원주 가현동 ,40호 주거지 ,●,첨저,"구경77 경질무문토기, 철도 공반",북한강·남한강,주거지
원주 반곡동 13지점 ,13호 주거지 ,●,첨저,,북한강·남한강,주거지
횡성 읍하리 ,29호 주거지,●,,,북한강·남한강,주거지
횡성 읍하리 ,33호 주거지,●,,,북한강·남한강,주거지
횡성 읍하리 ,1호 옹관묘(단옹식),●,기타(기고 50),"상~중하위 평행, 하위~저부 격자",북한강·남한강,분묘
횡성 읍하리 ,2호 옹관묘(이음식),●,기타2(기고 50),"상~중하위 평행, 하위~저부 격자",북한강·남한강,분묘
횡성 읍하리 ,3호 옹관묘(단옹식),●,기타(기고 76),,북한강·남한강,분묘
